第八二六章 焚风（六）,6456,2018-01-24 00:09:55
第八二七章 焚风（七）,5035,2018-01-28 00:17:55
第八二八章 焚风（八）,4350,2018-01-28 22:10:06
第八二九章 焚风（九）,5505,2018-01-29 18:16:17
第八二九章 焚风（九）,0,2018-02-29 18:16:17
第八三〇章 掠地（一）,6352,2018-03-08 18:31:42
第八三一章 掠地（二）,4783,2018-03-12 23:22:48
第八三二章 掠地（三）,5038,2018-03-13 22:44:17
第八三三章 掠地（四）,4450,2018-03-15 00:13:23
第八三四章 掠地（五）,4710,2018-03-16 19:59:40
第八三五章 掠地（六）,3533,2018-03-17 13:24:28
第八三六章 掠地（七）,4552,2018-03-18 23:47:28
第八三七章 掠地（八）,4772,2018-03-21 00:48:45
第八三八章 掠地（九）,6685,2018-03-22 20:27:05
第八三九章 掠地（十）,5484,2018-03-25 00:04:02
第八四〇章 掠地（十一）,6169,2018-03-27 00:30:29
第八四一章 掠地（十二）,5325,2018-03-29 21:43:36
第八四二章 煮海（一）,4448,2018-04-01 01:04:14
第八四三章 煮海（二）,5857,2018-04-01 16:33:44
第八四四章 煮海（三）,5441,2018-04-03 23:48:10
第八四五章 煮海（四）,4921,2018-04-06 02:32:00
第八四六章 煮海（五）,6937,2018-04-10 16:52:12
第八四七章 煮海（六）,4447,2018-04-17 00:11:52
第八四八章 煮海（七）,7413,2018-04-19 21:08:29
第八四九章 煮海（八）,6550,2018-04-23 23:54:01
第八五〇章 滔天（一）,4473,2018-04-25 23:19:05
第八五一章 滔天（二）,4859,2018-04-27 18:54:38
第八五二章 滔天（三）,5522,2018-04-29 13:21:44
第八五三章 滔天（四）,4655,2018-04-30 23:31:25
第八五四章 滔天（五）,3867,2018-05-01 18:42:55
第八五五章 滔天（六）,3986,2018-05-02 19:08:56
第八五六章 滔天（七）,5295,2018-05-03 22:54:35
第八五七章 滔天（八）,3682,2018-05-04 22:46:11
第八五八章 滔天（九）,3642,2018-05-06 20:59:53
第八五九章 滔天（十）,6686,2018-05-08 20:42:31
第八六〇章 惶恐滩头说惶恐 零丁洋里叹零丁（上）,3591,2018-05-10 20:50:22
第八六一章 惶恐滩头说惶恐 零丁洋里叹零丁（中）,3219,2018-05-13 19:22:21
第八六二章 惶恐滩头说惶恐 零丁洋里叹零丁（下）,3748,2018-05-13 23:24:10
第八六三章 灰夜 白幡（上）,3114,2018-05-19 17:23:07
第八六四章 灰夜 白幡（中）,4263,2018-05-21 19:42:18
第八六五章 灰夜 白幡（下）,4685,2018-05-23 20:56:10
第八六六章 红厉 铁流,4572,2018-05-25 22:35:15
第八六七章 新皇 冠冕,4154,2018-05-28 23:04:25
第八六八章 人间炼狱 万度刀温（上）,5389,2018-05-31 00:21:10
第八六九章 人间炼狱 万度刀温（中）,6405,2018-06-09 22:13:05
第八七〇章 人间炼狱 万度刀温（下）,3359,2018-06-22 00:35:24
第八七一章 人事癫狂 血色成长（上）,5749,2018-07-24 23:10:37
第八七二章 人事癫狂 血色成长（中）,5853,2018-08-01 00:49:45
第八七三章 人事癫狂 血色成长（下）,5370,2018-08-01 21:11:48
第八七四章 荒原（上）,4767,2018-08-05 00:39:03
第八七五章 荒原（下）,3559,2018-08-08 22:27:18
第八七六章 前夜（上）,6753,2018-08-12 21:01:59
第八七七章 前夜（中）,8279,2018-08-25 17:30:08
第八七八章 前夜（下）,10366,2018-09-18 22:18:19
第八七九章 凶刃（上）,8705,2018-09-28 21:18:32
第八八〇章 凶刃（中）,5589,2018-10-06 21:29:27
第八八一章 凶刃（下）,4425,2018-10-08 20:38:26
第八八二章 热身间隙 片语家书,4776,2018-10-11 18:50:53
第八八三章 业火煎熬 风雪低咆（上）,5318,2018-10-27 23:43:12
第八八四章 业火煎熬 风雪低咆（下）,4525,2018-10-28 19:53:40
第八八五章 狂兽（上）,4347,2018-10-29 20:00:24
第八八六章 狂兽（中）,4221,2018-10-31 00:19:30
第八八七章 狂兽（下）,5970,2018-11-03 22:30:43
第八八八章 血雨,3488,2018-11-05 17:35:15
第八八九章 痕迹 杀场,4003,2018-11-08 00:46:17
第八九〇章 吞火（上）,4793,2018-11-16 18:41:45
第八九一章 吞火（下）,4350,2018-11-21 22:05:31
第八九二章 十年砥砺 风雪寒霜（一）,3266,2018-11-25 02:27:23
第八九三章 十年砥砺 风雪寒霜（二）,3791,2018-11-25 22:09:40
第八九四章 十年砥砺 风雪寒霜（三）,3746,2018-11-28 02:13:21
