第1243章 晋升太古！,2474,2018-01-01 11:50:00
第1244章 道尘执念,2758,2018-01-02 11:51:19
第1245章 孤舟与骸骨,2546,2018-01-02 18:06:44
第1246章 小痴，要听话,2871,2018-01-03 11:50:00
第1247章 浮夸,2557,2018-01-03 17:50:00
第1248章 收仙后,2678,2018-01-04 11:50:00
第1249章 我都是为了弟子啊,2808,2018-01-04 17:50:00
第1250章 恶霸,2679,2018-01-05 11:50:00
第1251章 三十色火！,2662,2018-01-05 17:50:00
第1252章 白浩复活！,2519,2018-01-06 11:50:00
第1253章 归来！,2670,2018-01-06 17:50:00
第1254章 你想看看？,2736,2018-01-07 11:50:00
第1255章 太古战,2588,2018-01-07 17:50:00
第1256章 帝戟,2568,2018-01-08 11:50:00
第1257章 你敢骂我？,2627,2018-01-08 17:50:00
第1258章 陨落,2794,2018-01-09 11:50:00
第1259张 风波再起！,2630,2018-01-09 17:50:00
第1260章 修复封印,2512,2018-01-10 11:50:00
第1261章 祖,2617,2018-01-10 17:50:00
第1262章 美男计,2556,2018-01-11 12:04:40
第1263章 不死第六卷！,2588,2018-01-11 20:46:55
第1264章 胜祖！,2540,2018-01-12 11:50:00
第1265章 主宰,2525,2018-01-12 17:50:00
第1266章 星海丹田,2500,2018-01-13 11:50:00
第1267章 陨石结界,2694,2018-01-13 17:50:00
第1268章 那一拽,2527,2018-01-14 11:50:00
第1269章 回家,2713,2018-01-14 17:50:00
第1270章 陪伴,2547,2018-01-15 11:50:00
第1271章 出了问题,2519,2018-01-15 18:10:54
第1272章 寻找永恒之母,2575,2018-01-16 11:50:00
第1273章 永恒尽头,2499,2018-01-17 11:54:25
第1274章 鸣钟唤永恒,2653,2018-01-18 11:55:24
第1275章 肉身太古！,2632,2018-01-19 17:50:00
第1276章 苏醒！,2601,2018-01-21 14:08:24
第1277章 反之，亦主宰！,2501,2018-01-22 13:47:29
第1278章 通天再现,2490,2018-01-22 17:50:00
第1279章 逆凡门徒,2460,2018-01-23 11:50:00
第1280章 啃一口……,2557,2018-01-23 17:50:00
第1281章 往昔,2503,2018-01-24 11:50:00
第1282章 传奇人生,2498,2018-01-24 17:50:00
第1283章 白小纯的道,2572,2018-01-25 11:50:00
第1284章 星星之火,2601,2018-01-25 17:50:00
第1285章 圣皇出关,2541,2018-01-26 11:50:00
第1286章 宋缺！,2513,2018-01-26 17:50:00
第1287章 枭雄,2578,2018-01-27 11:50:00
第1288章 永恒之眼,2498,2018-01-27 17:50:00
第1289章 苦战,2557,2018-01-28 12:15:52
第1290章 值得吗,3428,2018-01-28 17:50:00
第1291章 逆凡苏醒！,2525,2018-01-29 11:50:00
第1292章 半宙道身！,2586,2018-01-30 13:31:36
第1293章 睁开眼！,2528,2018-01-30 17:50:00
第1294章 逆凡战,2484,2018-01-31 11:50:00
第1295章 至宝沙漏,2547,2018-01-31 17:50:00
第1296章 星空为炉,2585,2018-02-01 11:50:00
第1297章 空间之战,2563,2018-02-01 18:03:24
第1298章 时光之战,2512,2018-02-02 11:50:00
第1299章 罗天再造,2479,2018-02-02 17:49:25
第1300章 未央龟！,2507,2018-02-03 11:50:00
第1301章 结束了？,2599,2018-02-03 17:50:00
第1302章 永恒本源,2540,2018-02-04 11:50:00
第1303章 惨烈,2604,2018-02-04 17:50:00
第1304章 罗天指！,2552,2018-02-05 11:50:00
第1305章 逆陨,2438,2018-02-05 17:50:00
第1306章 罗天无情,3100,2018-02-06 11:50:00
第1307章 起源,2443,2018-02-06 17:50:00
第1308章 引导与开启,2710,2018-02-07 11:50:00
第1309章 见神,2763,2018-02-07 17:50:00
第1310章 念起天劫现,2498,2018-02-08 11:50:00
第1311章 一念，永恒,2566,2018-02-08 17:50:00
第1312章 左岸,2514,2018-02-09 11:50:00
第1313章 青灯古庙伴一生,2964,2018-02-09 17:50:00
第一章 我要减肥！,0,2018-03-01 12:00:00
第一章 我要减肥！,0,2018-04-01 12:00:00
﻿第一章 我要减肥！,4907,2018-05-30 12:00:00
第二章 王宝乐，你干了什么！,4864,2018-05-31 12:00:00
第三章 好同学，一切有我！,4018,2018-06-01 12:00:00
第四章 飘渺道院,3418,2018-06-01 18:00:00
第五章 特招学子,4028,2018-06-01 19:30:00
第六章 麻烦大了,3581,2018-06-02 11:50:00
第七章 全民矿工,3630,2018-06-02 17:50:00
第八章 才智与反击！,3836,2018-06-03 11:50:00
第九章 太虚噬气诀！,3530,2018-06-03 17:50:00
第十章 无敌战武系,4315,2018-06-04 11:50:00
第十一章 老师，带我一个,3027,2018-06-04 17:50:00
第十二章 突破,3345,2018-06-05 11:50:00
第十三章 化清丹,3123,2018-06-05 17:50:00
第十四章 法兵系的优势,3277,2018-06-06 11:50:00
第十五章 这就是抢钱！,2587,2018-06-06 17:50:00
第十六章 上品灵石,3156,2018-06-07 11:50:00
第十七章 专门欺负我们战武系？,3101,2018-06-07 17:50:00
第十八章 封身境,3273,2018-06-08 11:50:00
第十九章 太虚擒拿术,3489,2018-06-08 17:50:00
第二十章 搏击俱乐部,4119,2018-06-09 11:50:00
第二十一章 叫爸爸！,3118,2018-06-09 17:50:00
第二十二章 碎了……,3006,2018-06-10 11:50:00
第二十三章 无耻胖兔,3342,2018-06-10 17:50:00
第二十四章 我不和你打,3540,2018-06-11 11:54:35
第二十五章 太虚擒拿术大成,2809,2018-06-11 17:50:00
第二十六章 鄙人谢海洋,3399,2018-06-12 11:50:00
第二十七章 死神丹！,3310,2018-06-12 17:50:00
第二十八章 封身大圆满,3031,2018-06-13 11:50:00
第二十九章 毫不犹豫！,3939,2018-06-13 17:50:00
第三十章 申请考核！,3185,2018-06-14 11:56:13
第三十一章 强势！,2929,2018-06-14 17:50:00
第三十二章 整肃门户,2786,2018-06-15 11:50:00
第三十三章 柳道斌的天赋,3826,2018-06-15 17:50:00
第三十四章 法兵土豪,3766,2018-06-16 11:50:00
第三十五章 草木学首郑良,3550,2018-06-16 17:50:00
第三十六章 人才柳道斌,2920,2018-06-17 11:50:00
第三十七章 联邦构架,3532,2018-06-17 17:50:00
第三十八章 道歉！,3122,2018-06-18 11:50:00
第三十九章 资格？,2718,2018-06-18 17:50:00
第四十章 学首变革,2550,2018-06-19 11:50:00
第四十一章 青木湖畔的惨叫,3300,2018-06-19 17:50:00
第四十二章 干掉他们！,3019,2018-06-20 11:50:00
第四十三章 回纹公式,2794,2018-06-20 17:50:00
第四十四章 掌院讲堂,2922,2018-06-21 11:50:00
第四十五章 我还有一个问题,2881,2018-06-21 17:50:00
第四十六章 修士,3197,2018-06-22 11:50:00
第四十七章 你一定是回纹学首吧,2724,2018-06-22 17:50:00
第四十八章 回纹考核,2848,2018-06-23 12:09:12
第四十九章 他不像坏人,3197,2018-06-23 17:50:00
第五十章 不速之客,2525,2018-06-24 11:50:00
第五十一章 不要这么调皮,2728,2018-06-24 17:50:00
第五十二章 失效了……,2612,2018-06-25 11:50:00
第五十三章 傀儡法器！,3429,2018-06-25 17:50:00
第五十四章 三榜学首！,3227,2018-06-26 11:50:00
第五十五章 紫色小剑,3408,2018-06-26 17:51:15
第五十六章 今非昔比,2821,2018-06-27 11:50:00
第五十七章 天上有人,2633,2018-06-27 17:50:00
第五十八章 一家三口,2914,2018-06-28 11:50:00
第五十九章 同学聚会,2983,2018-06-28 17:50:00
第六十章 速回道院！,2805,2018-06-29 11:50:00
第六十一章 杀机降临！,2942,2018-06-29 17:50:00
第六十二章 唯有反击！,2775,2018-06-30 11:50:00
第六十三章 困兽搏杀,3050,2018-06-30 17:50:00
第六十四章 变故！,3197,2018-07-01 11:57:46
第六十五章 这是一只好蚊子,2879,2018-07-01 17:50:00
第六十六章 还是你们会玩,2826,2018-07-02 11:50:00
第六十七章 死战！,2781,2018-07-02 17:50:00
第六十八章 你这个变态！,2823,2018-07-03 11:50:00
第六十九章 风华绝代！,2831,2018-07-03 17:50:00
第七十章 底线，岂能轻碰！,3280,2018-07-04 11:50:00
第七十一章 报仇不隔夜,2872,2018-07-04 17:50:00
第七十二章 开除学籍！,2987,2018-07-05 11:50:00
第七十三章 余辉下的身影,3010,2018-07-05 17:50:00
第七十四章 我在悟道,2695,2018-07-06 11:50:00
第七十五章 惹不起的悟道系,2911,2018-07-06 17:50:00
第七十六章 开始反击,3265,2018-07-07 11:50:42
第七十七章 解锁新模式,2788,2018-07-07 17:50:00
第七十八章 悟道系，怕不怕？,2700,2018-07-08 11:50:00
第七十九章 悟道真子,3100,2018-07-08 17:50:00
第八十章 信了才怪,2967,2018-07-09 11:50:00
第八十一章 同学说句话啊,2927,2018-07-09 17:50:00
第八十二章 法器可以这么用,2845,2018-07-10 11:50:00
第八十三章 古武战,3014,2018-07-10 17:50:00
第八十四章 聚灵成阵,2973,2018-07-11 11:50:00
第八十五章 激战！,3000,2018-07-11 17:50:00
第八十六章 高全的计划,2843,2018-07-12 11:50:00
第八十七章 不能忍,2558,2018-07-12 17:50:00
第八十八章 金身？,2985,2018-07-13 11:57:57
第八十九章 战真息,2973,2018-07-13 17:50:00
第九十章 气血极致,2717,2018-07-14 11:52:57
第九十一章 暴打高全！,2793,2018-07-14 17:50:00
第九十二章 灵息乡,3218,2018-07-15 11:50:00
第九十三章 临近秘境,3526,2018-07-15 17:50:00
第九十四章 为啥惹我？,3111,2018-07-16 11:50:00
第九十五章 九寸灵根,2769,2018-07-16 17:50:00
第九十六章 乐极生悲,3049,2018-07-17 11:57:32
第九十七章 随处可见,2827,2018-07-17 17:50:00
第九十八章 莫非有宝物？,2735,2018-07-18 11:50:00
第九十九章 打个招呼！,2536,2018-07-18 17:50:00
第一百章 助人为乐,2633,2018-07-19 11:50:00
第一百零一章 我的好弟弟,2846,2018-07-19 17:50:00
第一百零二章 你想死么,2413,2018-07-20 11:50:00
第一百零三章 八寸灵根,2592,2018-07-20 17:50:00
第一百零四章 到手！,2763,2018-07-21 11:50:00
第一百零五章 九寸，到爸爸这里来,2675,2018-07-21 18:00:26
第一百零六章 强悍的九寸,2445,2018-07-22 11:50:00
第一百零七章 嫌弃我？,2505,2018-07-22 17:50:00
第一百零八章 灵根九寸！,2417,2018-07-23 11:50:00
第一百零九章 古灯杀机！,2367,2018-07-23 17:50:00
第一百一十章 噬种爆发！,2843,2018-07-24 11:50:00
第一百一十一章 随意变化！,2730,2018-07-24 17:50:00
第一百一十二章 寻宝奇兵,2576,2018-07-25 11:50:00
第一百一十三章 青玉祭坛,2593,2018-07-25 17:50:00
第一百一十四章 出手！,2545,2018-07-26 11:50:00
第一百一十五章 凶残的李怡,2477,2018-07-26 17:50:00
第一百一十六章 假的？,2633,2018-07-27 11:50:00
第一百一十七章 封印！,2489,2018-07-27 17:50:00
第一百一十八章 诸位掌院，这里有行字,2908,2018-07-28 11:50:00
第一百一十九章 宝乐归来,2549,2018-07-28 17:50:00
第一百二十章 未央族？！,3015,2018-07-29 11:50:00
第一百二十一章 唯一神兵！,3273,2018-07-29 17:50:00
第一百二十二章 光芒大道,3736,2018-07-30 11:50:00
第一百二十三章 法兵阁！,2549,2018-07-30 18:03:29
第一百二十四章 熟悉的味道,2622,2018-07-31 11:50:00
第一百二十五章 宝乐怒了！,3531,2018-07-31 17:50:00
第126章 你敢占我洞府！（第一更）,3078,2018-08-01 00:08:15
第127章 林小贱，和我斗？（第二更）,2628,2018-08-01 00:10:24
第128章 多好的实验对象！（第三更）,3332,2018-08-01 11:50:00
第129章 抓狂的林天浩（第四更）,2845,2018-08-01 17:50:00
第130章 对精神刺激的认知与研究,2936,2018-08-02 11:50:00
第131章 暴殄天物,2909,2018-08-02 17:50:00
第132章 法兵行规,2837,2018-08-03 11:50:00
第133章 它很脆弱,3410,2018-08-03 17:50:19
第134章 丹方奖励！,2878,2018-08-04 11:50:00
第135章 气势汹汹,2880,2018-08-04 17:50:03
第136章 难道误会他了？,2829,2018-08-04 20:44:18
第137章 善丹,2705,2018-08-05 11:50:00
第138章 新人，你还是太嫩了,2664,2018-08-05 17:50:00
第139章 督查大队长！,3032,2018-08-06 11:50:00
第140章 脉系！,3148,2018-08-06 17:50:00
第141章 督查大队，集合！,2841,2018-08-07 11:50:00
第142章 穿破天际！,3046,2018-08-07 17:50:00
第143章 前方高能,2856,2018-08-08 11:50:00
第144章 发财之日,3238,2018-08-08 17:50:00
第145章 神秘人,2592,2018-08-09 11:50:00
第146章 儿子？,3145,2018-08-09 17:50:00
第147章 子浩，上！不要怂！,2931,2018-08-10 11:50:00
第148章 插播一条广告,2847,2018-08-10 17:50:00
第149章 陆子浩的原则,2743,2018-08-11 11:50:00
第150章 对人也有效,2746,2018-08-11 17:50:00
第151章 道友留神,2775,2018-08-12 11:50:00
第152章 太上亲传！,3108,2018-08-12 17:50:00
第153章 能好好说话么？,2672,2018-08-13 11:50:00
第154章 幻兵唯心！,2705,2018-08-13 17:50:00
第155章 你给我住手！,3180,2018-08-13 20:45:00
第156章 命令我？,2909,2018-08-14 11:49:20
第157章 灵血爆发,3009,2018-08-14 17:50:00
第158章 我……我怀孕了,2863,2018-08-15 11:50:00
第159章 难道是结石？,2691,2018-08-15 17:50:00
第160章 云雾指,2811,2018-08-16 11:50:00
第161章兵砂！,3195,2018-08-16 17:50:00
第162章 绝世独立,2602,2018-08-17 11:50:00
第163章 叉系列法器,2638,2018-08-17 17:50:00
第164章 碎了不要钱,2810,2018-08-18 11:50:00
第165章 叫板,2809,2018-08-18 17:50:00
第166章 古道热肠赵师兄,2842,2018-08-19 11:50:00
第167章 这定是一场阴谋,3234,2018-08-19 17:50:00
第168章 嗡…嗡嗡…,2886,2018-08-20 11:50:00
第169章 狼烟滚滚,2983,2018-08-20 17:50:00
第170章 第七要塞,2760,2018-08-21 11:50:00
第171章 灭族成将！,2947,2018-08-21 17:50:00
第172章 名人？,2781,2018-08-22 11:50:00
第173章 风雨欲来,2938,2018-08-22 17:50:00
第174章 兽潮初始,2719,2018-08-23 11:50:00
第175章 奇痒无比,2987,2018-08-23 17:50:00
第176章 危机降临,3077,2018-08-24 11:50:00
第177章 音波阻灵,2986,2018-08-24 17:50:00
第178章 步步危机,2991,2018-08-25 11:50:00
第179章 决然！,3020,2018-08-25 17:50:00
第180章 反击！！,3018,2018-08-26 12:01:03
第181章 开炮！,3340,2018-08-26 17:50:00
第182章 锁定！击杀！,3229,2018-08-26 20:05:00
第183章 橄榄枝,2962,2018-08-27 11:50:00
第183章 惊天大招！,3129,2018-08-27 17:50:00
第185章 道院大赏！,3013,2018-08-28 11:50:00
第186章 炎爆,2606,2018-08-28 17:50:00
第187章 势力大涨,2710,2018-08-29 11:50:00
第188章 求电,3105,2018-08-29 17:50:00
第189章 宝乐大炮,3008,2018-08-30 11:50:00
第190章 兵子考核,3349,2018-08-30 17:50:00
第191章 清清楚楚！,3287,2018-08-31 11:50:00
第192章 敲鼓问上,2766,2018-08-31 17:50:00
第193章 碎了...,3233,2018-09-01 00:43:27
第194章 谁的人生开了挂,2914,2018-09-01 11:49:32
第195章 你说话啊！,3158,2018-09-01 23:12:16
第196章 剑阳计划！,2629,2018-09-02 11:47:00
第197章 你行你上！,3216,2018-09-02 17:54:57
第198章 脸啊,2807,2018-09-03 11:50:00
第199章 科伦盆地,3010,2018-09-03 17:50:00
第200章 剧变！,2530,2018-09-04 11:50:00
第201章 绝地！,2906,2018-09-04 18:08:55
第202章 困局,2730,2018-09-05 11:50:00
第203章 谁是怪物……,2708,2018-09-05 17:50:00
第204章 老子拼了,2456,2018-09-06 11:50:00
第205章 成为主导,2500,2018-09-06 17:50:00
第206章 真息巅峰,2532,2018-09-07 11:50:00
第207章 奉至修真行！,2697,2018-09-07 17:50:00
第208章 让我来啊,2851,2018-09-08 11:50:00
第209章 念经！,2742,2018-09-08 18:00:58
第210章 一定是他！,2649,2018-09-09 11:50:00
第211章 重踏前程！,2577,2018-09-09 17:50:00
第212章 联邦都城,2779,2018-09-10 11:50:00
第213章 自力更生王宝乐,2697,2018-09-10 17:50:00
第214章 百子表彰,2715,2018-09-11 11:50:00
第215章 联邦需要一万个王宝乐！,2834,2018-09-11 17:50:00
第216章 碎星爆,2731,2018-09-12 11:50:00
第217章 谁与争锋！,2825,2018-09-12 17:50:00
第218章 我，老实和善,2555,2018-09-13 11:50:00
第219章 我的！！,2662,2018-09-13 17:50:00
第220章 肉身筑基,2692,2018-09-14 11:50:00
第221章 独战群雄,2524,2018-09-14 18:08:19
第222章 孤狼孔道,2663,2018-09-15 11:50:00
第223章 人生三大共！,2818,2018-09-15 17:50:00
第224章 权掌法兵阁,2791,2018-09-16 11:50:00
第225章 生日礼物,2570,2018-09-16 17:50:00
第226章 格物筑基法,2914,2018-09-17 11:50:00
第227章 缥缈果宴,2620,2018-09-17 17:50:00
第228章 大道需至简,2672,2018-09-18 11:50:00
第229章 金刚驾到！,2747,2018-09-18 17:50:00
第230章 机关阁，黄杉！,2719,2018-09-19 11:50:00
第231章 王林和解,2895,2018-09-19 17:50:00
第232章 你挺嚣张的啊,2609,2018-09-20 11:50:00
第233章 我卓一仙就算死，也不道歉！,2659,2018-09-20 17:50:00
第234章 月球秘境！,2696,2018-09-21 11:50:00
第235章 飞出地球,2756,2018-09-21 17:50:00
第236章 传说,2799,2018-09-22 11:50:00
第237章 四脉宗门,2620,2018-09-22 17:50:00
第238章 各方汇聚,2660,2018-09-23 11:50:00
第239章 克星,2771,2018-09-23 17:50:00
第240章 木纹封印,2717,2018-09-24 11:50:00
第241章 血眼寻踪！,2601,2018-09-24 17:50:00
第242章 迷踪雾现,2681,2018-09-25 11:50:00
第243章 联邦震动！,2710,2018-09-25 17:50:00
第244章 打劫？！,2633,2018-09-26 11:50:00
第245章 唯我独尊……,2607,2018-09-26 17:50:00
第246章 改造迷踪雾,2774,2018-09-27 11:50:00
第247章 道友请留步！,2502,2018-09-27 17:50:43
第248章 有钱，任性！,2568,2018-09-28 11:50:00
第249章 月球背面！,2755,2018-09-28 17:50:00
第250章 灭口！,2659,2018-09-29 11:47:00
第251章 战筑基！,2561,2018-09-29 17:50:00
第252章 踏入此圈者，死！,2682,2018-09-30 11:50:00
第253章 迷踪雾现,2851,2018-09-30 17:50:00
第254章 惊天灵源！,2693,2018-10-01 11:50:00
第255章 外面有人！,2668,2018-10-01 17:50:00
第256章 小鼎！,2540,2018-10-02 11:50:00
第257章 夺鼎！,2505,2018-10-02 17:50:00
第258章 法兵了不起？,2683,2018-10-03 11:50:00
第259章 噬主？,2753,2018-10-03 17:50:00
第260章 断臂！,2781,2018-10-04 11:50:00
第261章 熟人……,2785,2018-10-04 17:50:00
第262章 惊变！,2808,2018-10-05 11:50:00
第263章 道基碎灭,2593,2018-10-05 17:50:00
第264章 险死还生！,2661,2018-10-06 11:50:00
第265章 逃亡,2704,2018-10-06 17:50:00
第266章 血染秘境！,2632,2018-10-07 11:50:00
第267章 沉睡之地,2887,2018-10-07 17:50:00
第268章 灵仙跪拜！,2644,2018-10-08 11:50:00
第269章 仙基！,2790,2018-10-08 17:50:00
第270章 我，回来了,2632,2018-10-09 11:50:00
第271章 血色秘境！,2534,2018-10-09 17:50:00
第272章 复仇之旅！,2548,2018-10-10 11:50:00
第273章 滚！,3005,2018-10-10 18:02:42
第274章 杀到基地,2664,2018-10-11 11:50:00
第275章 月亮里的桂树！,2814,2018-10-11 17:50:00
第276章 重回旧地,2644,2018-10-12 11:50:00
第277章 杀周飞！,2513,2018-10-12 17:50:00
第278章 落日宗主！,2572,2018-10-13 11:50:00
第279章 各有乾坤！,2695,2018-10-13 17:50:00
第280章 虎口夺食！！,2906,2018-10-14 11:50:00
第281章 神兵赤星！,2832,2018-10-14 17:50:00
第282章 夜仙王醒！,2728,2018-10-15 11:50:00
第283章 一眼灭杀！,2516,2018-10-15 17:50:00
第284章 哭声与师尊,3153,2018-10-16 11:50:00
第285章 我是他干爷爷！,3069,2018-10-16 17:50:00
第286章 月亮，再见,2595,2018-10-17 11:50:00
第287章 回归地球！,2999,2018-10-17 17:50:00
第288章 禁忌冥法,3090,2018-10-18 11:50:00
第289章 调令！,2582,2018-10-18 17:50:00
第290章 目标，火星殖民城,2620,2018-10-19 11:50:00
第291章 火星副域主！,2515,2018-10-19 17:50:00
第292章 只差一丝！,2543,2018-10-20 11:50:00
第293章 贵族学院,2875,2018-10-20 17:50:00
第294章 开门红,2802,2018-10-21 11:50:00
第295章 故人,2742,2018-10-21 17:50:00
第296章 战斧酒店的故事,2772,2018-10-22 11:50:00
第297章 煞气滔天,2596,2018-10-22 17:50:00
第298章 新的法兵老师,2727,2018-10-23 11:50:00
第299章 勾引我？,2523,2018-10-23 17:50:00
第300章 一言不合,2650,2018-10-24 11:50:00
第301章 有何不敢！,2733,2018-10-24 17:50:00
第302章 林天浩的改变,2778,2018-10-25 11:50:00
第303章 吞天术！,2493,2018-10-25 17:50:00
第304章 五百个胖子！,2709,2018-10-26 11:50:00
第305章 可灭未来一族！,2838,2018-10-26 17:50:00
第306章 一个疯狂的念头,2769,2018-10-27 11:50:00
第307章 我只是一缕烛火,2778,2018-10-27 17:50:00
第308章 别过来！,2755,2018-10-28 11:50:00
第309章 爆发！,2807,2018-10-28 17:50:00
第310章 请域主赐号！,2623,2018-10-29 11:50:00
第311章 凌云学子团！,2640,2018-10-29 17:50:00
第312章 新的火灵副院长,2829,2018-10-30 11:50:00
第313章 小姐姐的敌意！,2687,2018-10-30 17:50:00
第314章 九品法兵？,2706,2018-10-31 11:50:00
第315章 交易,2626,2018-10-31 17:50:00
第316章 域纪部来人！,3061,2018-11-01 11:50:00
第317章 强势,2754,2018-11-01 17:50:00
第318章 王院长，请配合！,2893,2018-11-02 11:50:00
第319章 火星异变,3287,2018-11-02 17:50:00
第320章 诡异村庄！,2759,2018-11-03 11:50:00
第321章 打死我也不说！,2844,2018-11-03 17:50:00
第322章 大鹰神鸟？,2770,2018-11-04 11:50:00
第323章 儿啊！,2725,2018-11-04 17:50:00
第324章 什么不能吃？,2724,2018-11-05 11:50:00
第325章 养不起了,3002,2018-11-05 17:50:00
第326章 知识的力量,2768,2018-11-06 11:50:00
第327章 我反悔了，我不要了,2518,2018-11-06 17:50:00
第328章 闭嘴！,2665,2018-11-07 11:50:00
第329章 冥火,2974,2018-11-07 17:50:00
第330章 心累,3106,2018-11-08 11:50:00
第331章 冥宗,2687,2018-11-08 17:50:00
第332章 黑驴与白驴,2555,2018-11-09 11:50:00
第333章 救我！,2978,2018-11-09 17:50:00
第334章 救援！,2763,2018-11-10 11:50:00
第335章 尸变,2517,2018-11-10 17:50:00
第336章 有食物靠近……,3013,2018-11-11 11:50:00
第337章 大仇！,2549,2018-11-11 17:50:00
第338章 这个不能吃！,2904,2018-11-12 11:50:00
第339章 我不能说！,2664,2018-11-12 17:50:00
第340章 卓一仙的大案,2560,2018-11-13 11:50:00
第341章 卓一仙，你想死么！,2686,2018-11-13 17:50:00
第342章 火星新区！,2606,2018-11-14 11:50:00
第343章 美人计？,2628,2018-11-14 17:50:00
第344章 打上门来,2517,2018-11-15 11:50:00
第345章 驴队友,2569,2018-11-15 17:50:00
第346章 新区确定,2679,2018-11-16 11:50:00
第347章 自力更生王宝乐,2825,2018-11-16 17:50:00
第348章 气势如虹！,3197,2018-11-17 11:50:00
第349章 开局一头驴,2916,2018-11-17 17:50:00
第350章 兽潮初来,2738,2018-11-18 11:50:00
第351章 坑人！,2548,2018-11-18 18:07:17
第352章 一字排开！,2820,2018-11-19 11:50:00
第353章 没有资源，不怕！,2648,2018-11-19 17:50:00
第354章 一人独往！,2706,2018-11-20 11:50:00
第355章 震慑兽潮,2704,2018-11-20 17:50:00
第356章 心疼小毛驴,2561,2018-11-21 11:50:00
第357章 退下！,2585,2018-11-21 17:50:00
第358章 震慑！,3094,2018-11-22 11:50:00
第359章 不灭城威！,2559,2018-11-22 17:50:00
第360章 食物！！,2795,2018-11-23 11:50:00
第361章 绝世大仇,2534,2018-11-23 17:50:00
第362章 大获全胜！,2730,2018-11-24 11:50:00
第363章 正四爵！,2786,2018-11-24 17:50:00
第364章 神兵之璧,2652,2018-11-25 11:50:00
第365章 养气魂灵阵,2552,2018-11-25 17:50:00
第366章 挑剔与考察！,2883,2018-11-26 11:50:00
第367章 炙手可热,2607,2018-11-26 17:50:00
第368章 林佑的优点,2645,2018-11-27 11:50:00
第369章 林佑的指点,2603,2018-11-27 17:50:00
第370章 建造新区！,2522,2018-11-28 11:50:00
第371章 男神会新成员！,2567,2018-11-28 17:50:00
第372章 筑基后期！,2668,2018-11-29 11:50:00
第373章 敲打!,2604,2018-11-29 17:50:00
第374章 不见兔子不撒鹰,2657,2018-11-30 11:50:00
第375章 地窟内的声音！,2529,2018-11-30 17:50:00
